{
    "time": {
        "cpu_time_user": "00:00:00.290",
        "cpu_time_system": "00:00:00.060",
        "runtime": "00:00:00.512",
        "cpu_time_iowait": "00:00:00.000"
    },
    "peak_resources": {
        "cpu_percent": 99.6,
        "memory_rss": "137MiB",
        "memory_vms": "305MiB",
        "threads": 1
    },
    "avg_resources": {
        "cpu_percent": 49.38571428571429,
        "memory_rss": "66MiB",
        "memory_vms": "160MiB",
        "threads": 0.8571428571428571
    }
}