{
    "time": {
        "cpu_time_user": "00:01:23.409",
        "cpu_time_system": "00:00:02.720",
        "runtime": "00:00:25.140",
        "cpu_time_iowait": "00:00:00.000"
    },
    "peak_resources": {
        "cpu_percent": 1232.3,
        "memory_rss": "738MiB",
        "memory_vms": "1GiB",
        "threads": 24
    },
    "avg_resources": {
        "cpu_percent": 337.2007968127491,
        "memory_rss": "482MiB",
        "memory_vms": "1GiB",
        "threads": 23.537848605577686
    }
}