{
	"global_route__vias": 1664,
	"global_route__wirelength": 9468,
	"route__net": 256,
	"route__net__special": 2,
	"route__drc_errors__iter:0": 147,
	"route__wirelength__iter:0": 6199,
	"route__drc_errors__iter:1": 60,
	"route__wirelength__iter:1": 6148,
	"route__drc_errors__iter:2": 30,
	"route__wirelength__iter:2": 6141,
	"route__drc_errors__iter:3": 0,
	"route__wirelength__iter:3": 6128,
	"route__drc_errors": 0,
	"route__wirelength": 6128,
	"route__vias": 1550,
	"route__vias__singlecut": 1550,
	"route__vias__multicut": 0,
	"antenna__violating__nets": 0,
	"antenna__violating__pins": 0,
	"design__io": 39,
	"design__die__area": 6779.83,
	"design__core__area": 3744.92,
	"design__instance__count": 255,
	"design__instance__area": 2988.32,
	"design__instance__count__stdcell": 255,
	"design__instance__area__stdcell": 2988.32,
	"design__instance__count__macros": 0,
	"design__instance__area__macros": 0,
	"design__instance__count__padcells": 0,
	"design__instance__area__padcells": 0,
	"design__instance__count__cover": 0,
	"design__instance__area__cover": 0,
	"design__instance__utilization": 0.797965,
	"design__instance__utilization__stdcell": 0.797965,
	"design__rows": 16,
	"design__rows:CoreSite": 16,
	"design__sites": 2064,
	"design__sites:CoreSite": 2064,
	"design__instance__count__class:clock_buffer": 3,
	"design__instance__area__class:clock_buffer": 70.7616,
	"design__instance__count__class:timing_repair_buffer": 74,
	"design__instance__area__class:timing_repair_buffer": 954.374,
	"design__instance__count__class:inverter": 15,
	"design__instance__area__class:inverter": 85.2768,
	"design__instance__count__class:clock_inverter": 1,
	"design__instance__area__class:clock_inverter": 5.4432,
	"design__instance__count__class:sequential_cell": 9,
	"design__instance__area__class:sequential_cell": 446.342,
	"design__instance__count__class:multi_input_combinational_cell": 153,
	"design__instance__area__class:multi_input_combinational_cell": 1426.12,
	"design__instance__count": 255,
	"design__instance__area": 2988.32,
	"flow__warnings__count": 44,
	"flow__errors__count": 0
}