{
    "time": {
        "cpu_time_user": "00:00:00.170",
        "cpu_time_system": "00:00:00.100",
        "runtime": "00:00:01.107",
        "cpu_time_iowait": "00:00:00.000"
    },
    "peak_resources": {
        "cpu_percent": 39.9,
        "memory_rss": "91MiB",
        "memory_vms": "255MiB",
        "threads": 1
    },
    "avg_resources": {
        "cpu_percent": 20.630769230769225,
        "memory_rss": "32MiB",
        "memory_vms": "160MiB",
        "threads": 0.9230769230769231
    }
}