{
    "time": {
        "cpu_time_user": "00:00:00.260",
        "cpu_time_system": "00:00:00.080",
        "runtime": "00:00:00.414",
        "cpu_time_iowait": "00:00:00.000"
    },
    "peak_resources": {
        "cpu_percent": 98.7,
        "memory_rss": "170MiB",
        "memory_vms": "333MiB",
        "threads": 1
    },
    "avg_resources": {
        "cpu_percent": 55.050000000000004,
        "memory_rss": "66MiB",
        "memory_vms": "150MiB",
        "threads": 0.8333333333333334
    }
}