{
    "time": {
        "cpu_time_user": "00:00:00.040",
        "cpu_time_system": "00:00:00.010",
        "runtime": "00:00:00.402",
        "cpu_time_iowait": "00:00:00.000"
    },
    "peak_resources": {
        "cpu_percent": 29.9,
        "memory_rss": "13MiB",
        "memory_vms": "236MiB",
        "threads": 1
    },
    "avg_resources": {
        "cpu_percent": 8.299999999999999,
        "memory_rss": "6MiB",
        "memory_vms": "118MiB",
        "threads": 0.8333333333333334
    }
}