{
    "json_h": "/home/designer/shared/Bioimpedance-ASIC-for-skin-cancer-detection/current_generator/digital/DigitalSine/runs/RUN_2025-12-12_17-16-50/05-yosys-jsonheader/DigitalSine.h.json",
    "nl": "/home/designer/shared/Bioimpedance-ASIC-for-skin-cancer-detection/current_generator/digital/DigitalSine/runs/RUN_2025-12-12_17-16-50/06-yosys-synthesis/DigitalSine.nl.v",
    "metrics": {
        "design__lint_error__count": 0,
        "design__lint_timing_construct__count": 0,
        "design__lint_warning__count": 1,
        "design__inferred_latch__count": 0,
        "design__instance__count": 177,
        "design__instance__area": 1921.3362,
        "design__instance_unmapped__count": 0,
        "synthesis__check_error__count": 0
    }
}