{
    "time": {
        "cpu_time_user": "00:00:00.340",
        "cpu_time_system": "00:00:00.020",
        "runtime": "00:00:00.502",
        "cpu_time_iowait": "00:00:00.000"
    },
    "peak_resources": {
        "cpu_percent": 99.7,
        "memory_rss": "100MiB",
        "memory_vms": "263MiB",
        "threads": 1
    },
    "avg_resources": {
        "cpu_percent": 51.22857142857142,
        "memory_rss": "52MiB",
        "memory_vms": "148MiB",
        "threads": 0.8571428571428571
    }
}