{
    "time": {
        "cpu_time_user": "00:00:00.310",
        "cpu_time_system": "00:00:00.040",
        "runtime": "00:00:00.403",
        "cpu_time_iowait": "00:00:00.000"
    },
    "peak_resources": {
        "cpu_percent": 99.3,
        "memory_rss": "122MiB",
        "memory_vms": "286MiB",
        "threads": 1
    },
    "avg_resources": {
        "cpu_percent": 57.86666666666667,
        "memory_rss": "55MiB",
        "memory_vms": "155MiB",
        "threads": 0.8333333333333334
    }
}