{
    "time": {
        "cpu_time_user": "00:00:00.130",
        "cpu_time_system": "00:00:00.050",
        "runtime": "00:00:00.511",
        "cpu_time_iowait": "00:00:00.000"
    },
    "peak_resources": {
        "cpu_percent": 79.1,
        "memory_rss": "63MiB",
        "memory_vms": "80MiB",
        "threads": 2
    },
    "avg_resources": {
        "cpu_percent": 25.185714285714287,
        "memory_rss": "36MiB",
        "memory_vms": "45MiB",
        "threads": 1.2857142857142858
    }
}