{
    "time": {
        "cpu_time_user": "00:00:00.210",
        "cpu_time_system": "00:00:00.070",
        "runtime": "00:00:00.402",
        "cpu_time_iowait": "00:00:00.000"
    },
    "peak_resources": {
        "cpu_percent": 89.5,
        "memory_rss": "153MiB",
        "memory_vms": "318MiB",
        "threads": 1
    },
    "avg_resources": {
        "cpu_percent": 46.416666666666664,
        "memory_rss": "58MiB",
        "memory_vms": "143MiB",
        "threads": 0.8333333333333334
    }
}