{
   "creator": "Yosys 0.54 (git sha1 db72ec3bde296a9512b2d1e6fabf81cfb07c2c1b, clang++ 19.1.7 -fPIC -O3)",
   "invocation": "stat -json -liberty /home/designer/shared/Bioimpedance-ASIC-for-skin-cancer-detection/current_generator/digital/DigitalSine/runs/RUN_2025-12-12_17-04-30/tmp/bb5b3741abc54babbfb20440683647dd.lib ",
   "modules": {
      "\\DigitalSine": {
         "num_wires":         187,
         "num_wire_bits":     219,
         "num_pub_wires":     22,
         "num_pub_wire_bits": 54,
         "num_ports":         5,
         "num_port_bits":     37,
         "num_memories":      0,
         "num_memory_bits":   0,
         "num_processes":     0,
         "num_cells":         217,
         "num_cells_by_type": {
            "$_ANDNOT_": 80,
            "$_AND_": 2,
            "$_DFF_PP0_": 9,
            "$_MUX_": 45,
            "$_NAND_": 11,
            "$_NOR_": 7,
            "$_NOT_": 10,
            "$_ORNOT_": 3,
            "$_OR_": 36,
            "$_XNOR_": 7,
            "$_XOR_": 7
         }
      }
   },
      "design": {
         "num_wires":         187,
         "num_wire_bits":     219,
         "num_pub_wires":     22,
         "num_pub_wire_bits": 54,
         "num_ports":         5,
         "num_port_bits":     37,
         "num_memories":      0,
         "num_memory_bits":   0,
         "num_processes":     0,
         "num_cells":         217,
         "num_cells_by_type": {
            "$_ANDNOT_": 80,
            "$_AND_": 2,
            "$_DFF_PP0_": 9,
            "$_MUX_": 45,
            "$_NAND_": 11,
            "$_NOR_": 7,
            "$_NOT_": 10,
            "$_ORNOT_": 3,
            "$_OR_": 36,
            "$_XNOR_": 7,
            "$_XOR_": 7
         }
      }
}

