{
	"design__max_slew_violation__count__corner:nom_typ_1p20V_25C": 0,
	"design__max_fanout_violation__count__corner:nom_typ_1p20V_25C": 1,
	"design__max_cap_violation__count__corner:nom_typ_1p20V_25C": 0,
	"power__internal__total": 1.88656e-05,
	"power__switching__total": 2.22795e-07,
	"power__leakage__total": 3.21294e-08,
	"power__total": 1.91205e-05,
	"clock__skew__worst_hold__corner:nom_typ_1p20V_25C": -0.25009,
	"clock__skew__worst_setup__corner:nom_typ_1p20V_25C": 0.250131,
	"timing__hold__ws__corner:nom_typ_1p20V_25C": 0.0532776,
	"timing__setup__ws__corner:nom_typ_1p20V_25C": 18.6115,
	"timing__hold__tns__corner:nom_typ_1p20V_25C": 0,
	"timing__setup__tns__corner:nom_typ_1p20V_25C": 0,
	"timing__hold__wns__corner:nom_typ_1p20V_25C": 0,
	"timing__setup__wns__corner:nom_typ_1p20V_25C": 0,
	"timing__hold_vio__count__corner:nom_typ_1p20V_25C": 0,
	"timing__hold_r2r__ws__corner:nom_typ_1p20V_25C": 0.053278,
	"timing__hold_r2r_vio__count__corner:nom_typ_1p20V_25C": 0,
	"timing__setup_vio__count__corner:nom_typ_1p20V_25C": 0,
	"timing__setup_r2r__ws__corner:nom_typ_1p20V_25C": 23.4583,
	"timing__setup_r2r_vio__count__corner:nom_typ_1p20V_25C": 0,
	"flow__warnings__count": 0,
	"flow__errors__count": 0
}