{
    "time": {
        "cpu_time_user": "00:00:22.719",
        "cpu_time_system": "00:00:03.910",
        "runtime": "00:00:23.129",
        "cpu_time_iowait": "00:00:00.000"
    },
    "peak_resources": {
        "cpu_percent": 268.9,
        "memory_rss": "471MiB",
        "memory_vms": "2GiB",
        "threads": 26
    },
    "avg_resources": {
        "cpu_percent": 114.1887931034482,
        "memory_rss": "448MiB",
        "memory_vms": "2GiB",
        "threads": 7.206896551724136
    }
}