{
	"design__die__bbox": "0.0 0.0 68.11 86.83",
	"design__core__bbox": "5.76 15.12 61.92 68.04",
	"design__io": 37,
	"design__die__area": 5913.99,
	"design__core__area": 2971.99,
	"design__instance__count": 177,
	"design__instance__area": 1921.45,
	"design__instance__count__stdcell": 177,
	"design__instance__area__stdcell": 1921.45,
	"design__instance__count__macros": 0,
	"design__instance__area__macros": 0,
	"design__instance__count__padcells": 0,
	"design__instance__area__padcells": 0,
	"design__instance__count__cover": 0,
	"design__instance__area__cover": 0,
	"design__instance__utilization": 0.64652,
	"design__instance__utilization__stdcell": 0.64652,
	"design__rows": 14,
	"design__rows:CoreSite": 14,
	"design__sites": 1638,
	"design__sites:CoreSite": 1638,
	"design__instance__count__class:inverter": 15,
	"design__instance__area__class:inverter": 81.648,
	"design__instance__count__class:sequential_cell": 9,
	"design__instance__area__class:sequential_cell": 440.899,
	"design__instance__count__class:multi_input_combinational_cell": 153,
	"design__instance__area__class:multi_input_combinational_cell": 1398.9,
	"design__instance__count": 177,
	"design__instance__area": 1921.45,
	"flow__warnings__count": 0,
	"flow__errors__count": 0
}