{
   "creator": "Yosys 0.54 (git sha1 db72ec3bde296a9512b2d1e6fabf81cfb07c2c1b, clang++ 19.1.7 -fPIC -O3)",
   "invocation": "stat -json -liberty /home/designer/shared/Bioimpedance-ASIC-for-skin-cancer-detection/current_generator/digital/DigitalSine/runs/RUN_2025-12-12_17-16-50/tmp/d95614aad67840af99ead3b9705db030.lib ",
   "modules": {
      "\\DigitalSine": {
         "num_wires":         147,
         "num_wire_bits":     179,
         "num_pub_wires":     22,
         "num_pub_wire_bits": 54,
         "num_ports":         5,
         "num_port_bits":     37,
         "num_memories":      0,
         "num_memory_bits":   0,
         "num_processes":     0,
         "num_cells":         177,
         "area":              1921.336200,
         "num_cells_by_type": {
            "sg13g2_a21oi_1": 24,
            "sg13g2_a221oi_1": 2,
            "sg13g2_a22oi_1": 3,
            "sg13g2_and2_1": 6,
            "sg13g2_and3_1": 2,
            "sg13g2_dfrbpq_1": 9,
            "sg13g2_inv_1": 15,
            "sg13g2_nand2_1": 29,
            "sg13g2_nand2b_1": 4,
            "sg13g2_nand3_1": 9,
            "sg13g2_nor2_1": 27,
            "sg13g2_nor2b_1": 3,
            "sg13g2_nor3_1": 6,
            "sg13g2_nor4_1": 1,
            "sg13g2_o21ai_1": 17,
            "sg13g2_or2_1": 4,
            "sg13g2_xnor2_1": 7,
            "sg13g2_xor2_1": 9
         }
      }
   },
      "design": {
         "num_wires":         147,
         "num_wire_bits":     179,
         "num_pub_wires":     22,
         "num_pub_wire_bits": 54,
         "num_ports":         5,
         "num_port_bits":     37,
         "num_memories":      0,
         "num_memory_bits":   0,
         "num_processes":     0,
         "num_cells":         177,
         "area":              1921.336200,
         "num_cells_by_type": {
            "sg13g2_a21oi_1": 24,
            "sg13g2_a221oi_1": 2,
            "sg13g2_a22oi_1": 3,
            "sg13g2_and2_1": 6,
            "sg13g2_and3_1": 2,
            "sg13g2_dfrbpq_1": 9,
            "sg13g2_inv_1": 15,
            "sg13g2_nand2_1": 29,
            "sg13g2_nand2b_1": 4,
            "sg13g2_nand3_1": 9,
            "sg13g2_nor2_1": 27,
            "sg13g2_nor2b_1": 3,
            "sg13g2_nor3_1": 6,
            "sg13g2_nor4_1": 1,
            "sg13g2_o21ai_1": 17,
            "sg13g2_or2_1": 4,
            "sg13g2_xnor2_1": 7,
            "sg13g2_xor2_1": 9
         }
      }
}

