{
    "time": {
        "cpu_time_user": "00:00:00.310",
        "cpu_time_system": "00:00:00.040",
        "runtime": "00:00:00.502",
        "cpu_time_iowait": "00:00:00.000"
    },
    "peak_resources": {
        "cpu_percent": 99.5,
        "memory_rss": "123MiB",
        "memory_vms": "286MiB",
        "threads": 1
    },
    "avg_resources": {
        "cpu_percent": 49.74285714285714,
        "memory_rss": "46MiB",
        "memory_vms": "117MiB",
        "threads": 0.8571428571428571
    }
}