{
    "time": {
        "cpu_time_user": "00:00:00.280",
        "cpu_time_system": "00:00:00.060",
        "runtime": "00:00:00.404",
        "cpu_time_iowait": "00:00:00.000"
    },
    "peak_resources": {
        "cpu_percent": 98.8,
        "memory_rss": "131MiB",
        "memory_vms": "301MiB",
        "threads": 1
    },
    "avg_resources": {
        "cpu_percent": 56.03333333333334,
        "memory_rss": "56MiB",
        "memory_vms": "153MiB",
        "threads": 0.8333333333333334
    }
}