{
    "time": {
        "cpu_time_user": "00:00:00.860",
        "cpu_time_system": "00:00:00.360",
        "runtime": "00:00:02.617",
        "cpu_time_iowait": "00:00:00.000"
    },
    "peak_resources": {
        "cpu_percent": 99.3,
        "memory_rss": "345MiB",
        "memory_vms": "481MiB",
        "threads": 1
    },
    "avg_resources": {
        "cpu_percent": 43.271428571428565,
        "memory_rss": "156MiB",
        "memory_vms": "310MiB",
        "threads": 0.9642857142857143
    }
}