{
    "time": {
        "cpu_time_user": "00:00:00.240",
        "cpu_time_system": "00:00:00.050",
        "runtime": "00:00:01.417",
        "cpu_time_iowait": "00:00:00.000"
    },
    "peak_resources": {
        "cpu_percent": 68.9,
        "memory_rss": "39MiB",
        "memory_vms": "61MiB",
        "threads": 1
    },
    "avg_resources": {
        "cpu_percent": 18.113333333333337,
        "memory_rss": "30MiB",
        "memory_vms": "49MiB",
        "threads": 0.9333333333333333
    }
}