{
    "design__lint_error__count": 0,
    "design__lint_timing_construct__count": 0,
    "design__lint_warning__count": 1,
    "design__inferred_latch__count": 0,
    "design__instance__count": 383,
    "design__instance__area": 3744.92,
    "design__instance_unmapped__count": 0,
    "synthesis__check_error__count": 0,
    "design__max_slew_violation__count__corner:nom_fast_1p32V_m40C": 0,
    "design__max_fanout_violation__count__corner:nom_fast_1p32V_m40C": 0,
    "design__max_cap_violation__count__corner:nom_fast_1p32V_m40C": 0,
    "power__internal__total": 2.800833317451179e-05,
    "power__switching__total": 3.813408056885237e-06,
    "power__leakage__total": 8.128394313189347e-08,
    "power__total": 3.190302595612593e-05,
    "clock__skew__worst_hold__corner:nom_fast_1p32V_m40C": -0.2507225886760135,
    "clock__skew__worst_setup__corner:nom_fast_1p32V_m40C": 0.2507645551075312,
    "timing__hold__ws__corner:nom_fast_1p32V_m40C": 0.16820012525536518,
    "timing__setup__ws__corner:nom_fast_1p32V_m40C": 18.595715715840186,
    "timing__hold__tns__corner:nom_fast_1p32V_m40C": 0,
    "timing__setup__tns__corner:nom_fast_1p32V_m40C": 0,
    "timing__hold__wns__corner:nom_fast_1p32V_m40C": 0,
    "timing__setup__wns__corner:nom_fast_1p32V_m40C": 0,
    "timing__hold_vio__count__corner:nom_fast_1p32V_m40C": 0,
    "timing__hold_r2r__ws__corner:nom_fast_1p32V_m40C": 0.1682,
    "timing__hold_r2r_vio__count__corner:nom_fast_1p32V_m40C": 0,
    "timing__setup_vio__count__corner:nom_fast_1p32V_m40C": 0,
    "timing__setup_r2r__ws__corner:nom_fast_1p32V_m40C": 23.344467,
    "timing__setup_r2r_vio__count__corner:nom_fast_1p32V_m40C": 0,
    "design__max_slew_violation__count__corner:nom_slow_1p08V_125C": 0,
    "design__max_fanout_violation__count__corner:nom_slow_1p08V_125C": 0,
    "design__max_cap_violation__count__corner:nom_slow_1p08V_125C": 0,
    "clock__skew__worst_hold__corner:nom_slow_1p08V_125C": -0.2514824808467094,
    "clock__skew__worst_setup__corner:nom_slow_1p08V_125C": 0.25152144967597584,
    "timing__hold__ws__corner:nom_slow_1p08V_125C": 0.741316251589423,
    "timing__setup__ws__corner:nom_slow_1p08V_125C": 17.003046563088038,
    "timing__hold__tns__corner:nom_slow_1p08V_125C": 0,
    "timing__setup__tns__corner:nom_slow_1p08V_125C": 0,
    "timing__hold__wns__corner:nom_slow_1p08V_125C": 0,
    "timing__setup__wns__corner:nom_slow_1p08V_125C": 0,
    "timing__hold_vio__count__corner:nom_slow_1p08V_125C": 0,
    "timing__hold_r2r__ws__corner:nom_slow_1p08V_125C": 0.741316,
    "timing__hold_r2r_vio__count__corner:nom_slow_1p08V_125C": 0,
    "timing__setup_vio__count__corner:nom_slow_1p08V_125C": 0,
    "timing__setup_r2r__ws__corner:nom_slow_1p08V_125C": 21.444479,
    "timing__setup_r2r_vio__count__corner:nom_slow_1p08V_125C": 0,
    "design__max_slew_violation__count__corner:nom_typ_1p20V_25C": 0,
    "design__max_fanout_violation__count__corner:nom_typ_1p20V_25C": 0,
    "design__max_cap_violation__count__corner:nom_typ_1p20V_25C": 0,
    "clock__skew__worst_hold__corner:nom_typ_1p20V_25C": -0.2510133283388099,
    "clock__skew__worst_setup__corner:nom_typ_1p20V_25C": 0.25105362943574355,
    "timing__hold__ws__corner:nom_typ_1p20V_25C": 0.3721463520457359,
    "timing__setup__ws__corner:nom_typ_1p20V_25C": 18.01333888592891,
    "timing__hold__tns__corner:nom_typ_1p20V_25C": 0,
    "timing__setup__tns__corner:nom_typ_1p20V_25C": 0,
    "timing__hold__wns__corner:nom_typ_1p20V_25C": 0,
    "timing__setup__wns__corner:nom_typ_1p20V_25C": 0,
    "timing__hold_vio__count__corner:nom_typ_1p20V_25C": 0,
    "timing__hold_r2r__ws__corner:nom_typ_1p20V_25C": 0.372146,
    "timing__hold_r2r_vio__count__corner:nom_typ_1p20V_25C": 0,
    "timing__setup_vio__count__corner:nom_typ_1p20V_25C": 0,
    "timing__setup_r2r__ws__corner:nom_typ_1p20V_25C": 22.65766,
    "timing__setup_r2r_vio__count__corner:nom_typ_1p20V_25C": 0,
    "design__max_slew_violation__count": 0,
    "design__max_fanout_violation__count": 0,
    "design__max_cap_violation__count": 0,
    "clock__skew__worst_hold": -0.2507225886760135,
    "clock__skew__worst_setup": 0.2507645551075312,
    "timing__hold__ws": 0.16820012525536518,
    "timing__setup__ws": 17.003046563088038,
    "timing__hold__tns": 0,
    "timing__setup__tns": 0,
    "timing__hold__wns": 0,
    "timing__setup__wns": 0,
    "timing__hold_vio__count": 0,
    "timing__hold_r2r__ws": 0.1682,
    "timing__hold_r2r_vio__count": 0,
    "timing__setup_vio__count": 0,
    "timing__setup_r2r__ws": 21.444479,
    "timing__setup_r2r_vio__count": 0,
    "design__die__bbox": "0.0 0.0 73.51 92.23",
    "design__core__bbox": "5.76 15.12 67.68 75.6",
    "design__io": 39,
    "design__die__area": 6779.83,
    "design__core__area": 3744.92,
    "design__instance__count__stdcell": 255,
    "design__instance__area__stdcell": 2988.32,
    "design__instance__count__macros": 0,
    "design__instance__area__macros": 0,
    "design__instance__count__padcells": 0,
    "design__instance__area__padcells": 0,
    "design__instance__count__cover": 0,
    "design__instance__area__cover": 0,
    "design__instance__utilization": 0.797965,
    "design__instance__utilization__stdcell": 0.797965,
    "design__rows": 16,
    "design__rows:CoreSite": 16,
    "design__sites": 2064,
    "design__sites:CoreSite": 2064,
    "design__instance__count__class:inverter": 15,
    "design__instance__area__class:inverter": 85.2768,
    "design__instance__count__class:sequential_cell": 9,
    "design__instance__area__class:sequential_cell": 446.342,
    "design__instance__count__class:multi_input_combinational_cell": 153,
    "design__instance__area__class:multi_input_combinational_cell": 1426.12,
    "flow__warnings__count": 1,
    "flow__errors__count": 0,
    "design__power_grid_violation__count__net:VGND": 0,
    "design__power_grid_violation__count__net:VPWR": 0,
    "design__power_grid_violation__count": 0,
    "design__instance__count__class:timing_repair_buffer": 74,
    "design__instance__area__class:timing_repair_buffer": 954.374,
    "timing__drv__floating__nets": 0,
    "timing__drv__floating__pins": 0,
    "design__instance__displacement__total": 0,
    "design__instance__displacement__mean": 0,
    "design__instance__displacement__max": 0,
    "route__wirelength__estimated": 5725.56,
    "design__violations": 0,
    "design__instance__count__class:clock_buffer": 3,
    "design__instance__area__class:clock_buffer": 70.7616,
    "design__instance__count__class:clock_inverter": 1,
    "design__instance__area__class:clock_inverter": 5.4432,
    "design__instance__count__setup_buffer": 0,
    "design__instance__count__hold_buffer": 13,
    "global_route__vias": 1664,
    "global_route__wirelength": 9468,
    "antenna__violating__nets": 0,
    "antenna__violating__pins": 0,
    "route__antenna_violation__count": 0,
    "antenna_diodes_count": 0,
    "route__net": 256,
    "route__net__special": 2,
    "route__drc_errors__iter:0": 147,
    "route__wirelength__iter:0": 6199,
    "route__drc_errors__iter:1": 60,
    "route__wirelength__iter:1": 6148,
    "route__drc_errors__iter:2": 30,
    "route__wirelength__iter:2": 6141,
    "route__drc_errors__iter:3": 0,
    "route__wirelength__iter:3": 6128,
    "route__drc_errors": 0,
    "route__wirelength": 6128,
    "route__vias": 1550,
    "route__vias__singlecut": 1550,
    "route__vias__multicut": 0,
    "design__disconnected_pin__count": 0,
    "design__critical_disconnected_pin__count": 0,
    "route__wirelength__max": 120.525,
    "design__instance__count__class:fill_cell": 128,
    "design__instance__area__class:fill_cell": 756.605,
    "timing__unannotated_net__count__corner:nom_fast_1p32V_m40C": 1,
    "timing__unannotated_net_filtered__count__corner:nom_fast_1p32V_m40C": 0,
    "timing__unannotated_net__count__corner:nom_slow_1p08V_125C": 1,
    "timing__unannotated_net_filtered__count__corner:nom_slow_1p08V_125C": 0,
    "timing__unannotated_net__count__corner:nom_typ_1p20V_25C": 1,
    "timing__unannotated_net_filtered__count__corner:nom_typ_1p20V_25C": 0,
    "timing__unannotated_net__count": 1,
    "timing__unannotated_net_filtered__count": 0,
    "design_powergrid__voltage__worst__net:VPWR__corner:nom_typ_1p20V_25C": 1.1998,
    "design_powergrid__drop__average__net:VPWR__corner:nom_typ_1p20V_25C": 1.19993,
    "design_powergrid__drop__worst__net:VPWR__corner:nom_typ_1p20V_25C": 0.000196495,
    "design_powergrid__voltage__worst__net:VGND__corner:nom_typ_1p20V_25C": 0.000163685,
    "design_powergrid__drop__average__net:VGND__corner:nom_typ_1p20V_25C": 5.72239e-05,
    "design_powergrid__drop__worst__net:VGND__corner:nom_typ_1p20V_25C": 0.000163685,
    "design_powergrid__voltage__worst": 0.000163685,
    "design_powergrid__voltage__worst__net:VPWR": 1.1998,
    "design_powergrid__drop__worst": 0.000196495,
    "design_powergrid__drop__worst__net:VPWR": 0.000196495,
    "design_powergrid__voltage__worst__net:VGND": 0.000163685,
    "design_powergrid__drop__worst__net:VGND": 0.000163685,
    "ir__voltage__worst": 1.2,
    "ir__drop__avg": 7.07e-05,
    "ir__drop__worst": 0.000196,
    "design__xor_difference__count": 0,
    "magic__drc_error__count": 0,
    "klayout__drc_error__count": 0,
    "magic__illegal_overlap__count": 0,
    "design__lvs_device_difference__count": 0,
    "design__lvs_net_difference__count": 0,
    "design__lvs_property_fail__count": 0,
    "design__lvs_error__count": 0,
    "design__lvs_unmatched_device__count": 0,
    "design__lvs_unmatched_net__count": 0,
    "design__lvs_unmatched_pin__count": 0
}