{
	"design__io": 39,
	"design__die__area": 6779.83,
	"design__core__area": 3744.92,
	"design__instance__count": 255,
	"design__instance__area": 2988.32,
	"design__instance__count__stdcell": 255,
	"design__instance__area__stdcell": 2988.32,
	"design__instance__count__macros": 0,
	"design__instance__area__macros": 0,
	"design__instance__count__padcells": 0,
	"design__instance__area__padcells": 0,
	"design__instance__count__cover": 0,
	"design__instance__area__cover": 0,
	"design__instance__utilization": 0.797965,
	"design__instance__utilization__stdcell": 0.797965,
	"design__rows": 16,
	"design__rows:CoreSite": 16,
	"design__sites": 2064,
	"design__sites:CoreSite": 2064,
	"design__instance__count__class:fill_cell": 128,
	"design__instance__area__class:fill_cell": 756.605,
	"design__instance__count__class:standard_cell": 255,
	"design__instance__area__class:standard_cell": 2988.32,
	"design__instance__count": 383,
	"design__instance__area": 3744.92,
	"flow__warnings__count": 0,
	"flow__errors__count": 0
}