{
    "time": {
        "cpu_time_user": "00:00:00.310",
        "cpu_time_system": "00:00:00.050",
        "runtime": "00:00:00.502",
        "cpu_time_iowait": "00:00:00.000"
    },
    "peak_resources": {
        "cpu_percent": 99.7,
        "memory_rss": "144MiB",
        "memory_vms": "309MiB",
        "threads": 1
    },
    "avg_resources": {
        "cpu_percent": 51.228571428571435,
        "memory_rss": "67MiB",
        "memory_vms": "161MiB",
        "threads": 0.8571428571428571
    }
}