{
    "time": {
        "cpu_time_user": "00:00:03.240",
        "cpu_time_system": "00:00:00.030",
        "runtime": "00:00:03.425",
        "cpu_time_iowait": "00:00:00.000"
    },
    "peak_resources": {
        "cpu_percent": 109.2,
        "memory_rss": "87MiB",
        "memory_vms": "96MiB",
        "threads": 1
    },
    "avg_resources": {
        "cpu_percent": 90.15000000000002,
        "memory_rss": "73MiB",
        "memory_vms": "81MiB",
        "threads": 0.9722222222222222
    }
}