{
    "time": {
        "cpu_time_user": "00:00:00.290",
        "cpu_time_system": "00:00:00.080",
        "runtime": "00:00:00.503",
        "cpu_time_iowait": "00:00:00.000"
    },
    "peak_resources": {
        "cpu_percent": 89.6,
        "memory_rss": "140MiB",
        "memory_vms": "305MiB",
        "threads": 1
    },
    "avg_resources": {
        "cpu_percent": 52.57142857142856,
        "memory_rss": "62MiB",
        "memory_vms": "156MiB",
        "threads": 0.8571428571428571
    }
}