{
    "time": {
        "cpu_time_user": "00:00:01.720",
        "cpu_time_system": "00:00:00.260",
        "runtime": "00:00:02.250",
        "cpu_time_iowait": "00:00:00.000"
    },
    "peak_resources": {
        "cpu_percent": 115.0,
        "memory_rss": "429MiB",
        "memory_vms": "1GiB",
        "threads": 14
    },
    "avg_resources": {
        "cpu_percent": 80.04583333333333,
        "memory_rss": "273MiB",
        "memory_vms": "957MiB",
        "threads": 2.9166666666666665
    }
}