<?xml version="1.0" encoding="utf-8"?>
<report-database>
 <description>XOR /home/designer/shared/Bioimpedance-ASIC-for-skin-cancer-detection/current_generator/digital/DigitalSine/runs/RUN_2025-12-12_17-04-30/57-magic-streamout/DigitalSine.magic.gds vs. /home/designer/shared/Bioimpedance-ASIC-for-skin-cancer-detection/current_generator/digital/DigitalSine/runs/RUN_2025-12-12_17-04-30/58-klayout-streamout/DigitalSine.klayout.gds</description>
 <original-file/>
 <generator>drc: script='/nix/store/sfc122jplczjy5i6pd5radwb3k94mh33-python3.12-librelane-3.0.0.dev45/lib/python3.12/site-packages/librelane/scripts/klayout/xor.drc'</generator>
 <top-cell>DigitalSine</top-cell>
 <tags>
 </tags>
 <categories>
  <category>
   <name>1/0</name>
   <description>XOR data for layer 1/0</description>
   <categories>
   </categories>
  </category>
  <category>
   <name>10/0</name>
   <description>XOR data for layer 10/0</description>
   <categories>
   </categories>
  </category>
  <category>
   <name>10/2</name>
   <description>XOR data for layer 10/2</description>
   <categories>
   </categories>
  </category>
  <category>
   <name>10/25</name>
   <description>XOR data for layer 10/25</description>
   <categories>
   </categories>
  </category>
  <category>
   <name>125/0</name>
   <description>XOR data for layer 125/0</description>
   <categories>
   </categories>
  </category>
  <category>
   <name>126/0</name>
   <description>XOR data for layer 126/0</description>
   <categories>
   </categories>
  </category>
  <category>
   <name>126/2</name>
   <description>XOR data for layer 126/2</description>
   <categories>
   </categories>
  </category>
  <category>
   <name>126/25</name>
   <description>XOR data for layer 126/25</description>
   <categories>
   </categories>
  </category>
  <category>
   <name>133/0</name>
   <description>XOR data for layer 133/0</description>
   <categories>
   </categories>
  </category>
  <category>
   <name>134/0</name>
   <description>XOR data for layer 134/0</description>
   <categories>
   </categories>
  </category>
  <category>
   <name>134/2</name>
   <description>XOR data for layer 134/2</description>
   <categories>
   </categories>
  </category>
  <category>
   <name>134/25</name>
   <description>XOR data for layer 134/25</description>
   <categories>
   </categories>
  </category>
  <category>
   <name>14/0</name>
   <description>XOR data for layer 14/0</description>
   <categories>
   </categories>
  </category>
  <category>
   <name>189/4</name>
   <description>XOR data for layer 189/4</description>
   <categories>
   </categories>
  </category>
  <category>
   <name>19/0</name>
   <description>XOR data for layer 19/0</description>
   <categories>
   </categories>
  </category>
  <category>
   <name>29/0</name>
   <description>XOR data for layer 29/0</description>
   <categories>
   </categories>
  </category>
  <category>
   <name>30/0</name>
   <description>XOR data for layer 30/0</description>
   <categories>
   </categories>
  </category>
  <category>
   <name>30/2</name>
   <description>XOR data for layer 30/2</description>
   <categories>
   </categories>
  </category>
  <category>
   <name>30/25</name>
   <description>XOR data for layer 30/25</description>
   <categories>
   </categories>
  </category>
  <category>
   <name>31/0</name>
   <description>XOR data for layer 31/0</description>
   <categories>
   </categories>
  </category>
  <category>
   <name>49/0</name>
   <description>XOR data for layer 49/0</description>
   <categories>
   </categories>
  </category>
  <category>
   <name>5/0</name>
   <description>XOR data for layer 5/0</description>
   <categories>
   </categories>
  </category>
  <category>
   <name>50/0</name>
   <description>XOR data for layer 50/0</description>
   <categories>
   </categories>
  </category>
  <category>
   <name>50/25</name>
   <description>XOR data for layer 50/25</description>
   <categories>
   </categories>
  </category>
  <category>
   <name>6/0</name>
   <description>XOR data for layer 6/0</description>
   <categories>
   </categories>
  </category>
  <category>
   <name>66/0</name>
   <description>XOR data for layer 66/0</description>
   <categories>
   </categories>
  </category>
  <category>
   <name>67/0</name>
   <description>XOR data for layer 67/0</description>
   <categories>
   </categories>
  </category>
  <category>
   <name>67/25</name>
   <description>XOR data for layer 67/25</description>
   <categories>
   </categories>
  </category>
  <category>
   <name>8/0</name>
   <description>XOR data for layer 8/0</description>
   <categories>
   </categories>
  </category>
  <category>
   <name>8/2</name>
   <description>XOR data for layer 8/2</description>
   <categories>
   </categories>
  </category>
  <category>
   <name>8/25</name>
   <description>XOR data for layer 8/25</description>
   <categories>
   </categories>
  </category>
 </categories>
 <cells>
  <cell>
   <name>DigitalSine</name>
   <variant/>
   <layout-name/>
   <references>
   </references>
  </cell>
 </cells>
 <items>
 </items>
</report-database>
