{
    "time": {
        "cpu_time_user": "00:00:06.769",
        "cpu_time_system": "00:00:00.060",
        "runtime": "00:00:06.980",
        "cpu_time_iowait": "00:00:00.000"
    },
    "peak_resources": {
        "cpu_percent": 109.4,
        "memory_rss": "141MiB",
        "memory_vms": "307MiB",
        "threads": 1
    },
    "avg_resources": {
        "cpu_percent": 95.09436619718308,
        "memory_rss": "117MiB",
        "memory_vms": "283MiB",
        "threads": 0.9859154929577465
    }
}