{
    "time": {
        "cpu_time_user": "00:00:00.290",
        "cpu_time_system": "00:00:00.080",
        "runtime": "00:00:00.503",
        "cpu_time_iowait": "00:00:00.000"
    },
    "peak_resources": {
        "cpu_percent": 99.1,
        "memory_rss": "172MiB",
        "memory_vms": "334MiB",
        "threads": 1
    },
    "avg_resources": {
        "cpu_percent": 52.442857142857136,
        "memory_rss": "84MiB",
        "memory_vms": "178MiB",
        "threads": 0.8571428571428571
    }
}