{
    "time": {
        "cpu_time_user": "00:00:00.340",
        "cpu_time_system": "00:00:00.060",
        "runtime": "00:00:00.503",
        "cpu_time_iowait": "00:00:00.000"
    },
    "peak_resources": {
        "cpu_percent": 99.5,
        "memory_rss": "173MiB",
        "memory_vms": "340MiB",
        "threads": 1
    },
    "avg_resources": {
        "cpu_percent": 56.81428571428571,
        "memory_rss": "72MiB",
        "memory_vms": "170MiB",
        "threads": 0.8571428571428571
    }
}