{
	"design__io": 39,
	"design__die__area": 6779.83,
	"design__core__area": 3744.92,
	"design__instance__count": 202,
	"design__instance__area": 2313.36,
	"design__instance__count__stdcell": 202,
	"design__instance__area__stdcell": 2313.36,
	"design__instance__count__macros": 0,
	"design__instance__area__macros": 0,
	"design__instance__count__padcells": 0,
	"design__instance__area__padcells": 0,
	"design__instance__count__cover": 0,
	"design__instance__area__cover": 0,
	"design__instance__utilization": 0.617733,
	"design__instance__utilization__stdcell": 0.617733,
	"design__rows": 16,
	"design__rows:CoreSite": 16,
	"design__sites": 2064,
	"design__sites:CoreSite": 2064,
	"design__instance__count__class:timing_repair_buffer": 25,
	"design__instance__area__class:timing_repair_buffer": 330.221,
	"design__instance__count__class:inverter": 15,
	"design__instance__area__class:inverter": 88.9056,
	"design__instance__count__class:sequential_cell": 9,
	"design__instance__area__class:sequential_cell": 444.528,
	"design__instance__count__class:multi_input_combinational_cell": 153,
	"design__instance__area__class:multi_input_combinational_cell": 1449.71,
	"design__instance__count": 202,
	"design__instance__area": 2313.36,
	"design__io": 39,
	"design__die__area": 6779.83,
	"design__core__area": 3744.92,
	"design__instance__count": 202,
	"design__instance__area": 2313.36,
	"design__instance__count__stdcell": 202,
	"design__instance__area__stdcell": 2313.36,
	"design__instance__count__macros": 0,
	"design__instance__area__macros": 0,
	"design__instance__count__padcells": 0,
	"design__instance__area__padcells": 0,
	"design__instance__count__cover": 0,
	"design__instance__area__cover": 0,
	"design__instance__utilization": 0.617733,
	"design__instance__utilization__stdcell": 0.617733,
	"design__rows": 16,
	"design__rows:CoreSite": 16,
	"design__sites": 2064,
	"design__sites:CoreSite": 2064,
	"flow__warnings__count": 0,
	"flow__errors__count": 0
}